{
    "iqr": 0.0339021764027524,
    "median": 0.0070782655832996
}